Species,Site,TotalGenes,BlastxHits,%HitTotal.Gene,TotalProtein,BlastpHits,%HitTotal.Protein
Acerv,Florida,33322,29515,88.57511554,33322,30990,93.00162055
Mcav,Florida,25142,3191,12.69190995,25142,23521,93.55262111
Ofav,Florida,35971,10122,28.13933446,32587,32536,99.84349587
Mcap,Hawaii,63227,55217,87.3313616,63227,55683,88.0683885
Pcomp,Hawaii,74728,59049,79.01857403,74728,58796,78.68001285
Pdam.NCBI,Hawaii,27287,3406,12.48213435,25183,25170,99.94837787
Pdam.RG,Hawaii,26077,3732,14.31146221,26077,25947,99.5014764
Plob,Hawaii,31126,4315,13.86300842,31126,28284,90.86936966
Apoc,RhodeIsland,48184,40031,83.07944546,45867,39699,86.55242331